,id,trade_date,payment_date,account,trade_type,asset_id,quantity,price,commission,other_charges,trade_comments
0,1,2021-03-15,2021-03-15,AJ,Transfer,9926.HK,34000.0,44.0,0.0,0.0,Subscription in-kind Feb 2021
1,2,2021-03-15,2021-03-15,AJ,Transfer,9988.HK,23585.0,226.0,0.0,0.0,Subscription in-kind Jan 2021 17285 + Subscription in-kind Feb 2021 6300
2,3,2021-03-15,2021-03-15,AJ,Transfer,6160.HK,6700.0,189.1,0.0,0.0,Subscription in-kind Jan 2021
3,4,2021-03-15,2021-03-15,AJ,Transfer,1801.HK,17500.0,78.6,0.0,0.0,Subscription in-kind Feb 2021
4,5,2021-03-15,2021-03-15,AJ,Transfer,1797.HK,74500.0,18.74,0.0,0.0,Subscription in-kind Jan 2021
5,6,2021-03-15,2021-03-15,AJ,Transfer,3690.HK,13352.0,333.0,0.0,0.0,Subscription in-kind Jan 2021
6,7,2021-03-15,2021-03-15,AJ,Transfer,3759.HK,11700.0,126.1,0.0,0.0,Subscription in-kind Feb 2021
7,8,2021-03-15,2021-03-15,AJ,Transfer,1877.HK,24400.0,75.3,0.0,0.0,Subscription in-kind Jan 2021
8,9,2021-03-15,2021-03-15,AJ,Transfer,1177.HK,305000.0,8.37,0.0,0.0,Subscription in-kind Feb 2021
9,10,2021-03-15,2021-03-15,AJ,Transfer,0410.HK,108000.0,2.65,0.0,0.0,Subscription in-kind Feb 2021
10,11,2021-03-15,2021-03-15,AJ,Transfer,0700.HK,18684.0,650.5,0.0,0.0,Subscription in-kind Jan 2021
11,12,2021-03-15,2021-03-15,AJ,Transfer,1565.HK,791600.0,1.76,0.0,0.0,Subscription in-kind Jan 2021 30600 + Subscription in-kind Feb 2021 761000
12,13,2021-03-15,2021-03-15,AJ,Transfer,1873.HK,177000.0,6.54,0.0,0.0,Subscription in-kind Feb 2021 85000 + Subscription in-kind Jan 2021 92000
13,14,2021-03-15,2021-03-15,AJ,Transfer,2269.HK,14400.0,91.2,0.0,0.0,Subscription in-kind Feb 2021
14,15,2021-03-15,2021-03-15,AJ,Transfer,1810.HK,118800.0,22.75,0.0,0.0,Subscription in-kind Jan 2021
15,16,2021-03-15,2021-03-15,IB,Transfer,BABA,1368.0,231.87,0.0,0.0,Subscription in-kind
16,17,2021-03-15,2021-03-15,IB,Transfer,GOOGL,80.0,2050.0,0.0,0.0,Subscription in-kind
17,18,2021-03-15,2021-03-15,IB,Transfer,GOOG,344.0,2061.92,0.0,0.0,Subscription in-kind
18,19,2021-03-15,2021-03-15,IB,Transfer,AMZN,114.0,3089.49,0.0,0.0,Subscription in-kind
19,20,2021-03-15,2021-03-15,IB,Trade,AMZN,32.0,3049.76,0.0,1.0,
20,21,2021-03-15,2021-03-15,IB,Transfer,AAPL,2565.0,121.03,0.0,0.0,Subscription in-kind
21,22,2021-03-15,2021-03-15,IB,Trade,AAPL,2040.0,122.919167,0.0,9.57,
22,23,2021-03-15,2021-03-15,IB,Transfer,BGNE,610.0,321.7,0.0,0.0,Subscription in-kind
23,24,2021-03-15,2021-03-15,IB,Transfer,FB,5000.0,268.4,0.0,0.0,Subscription in-kind
24,25,2021-03-15,2021-03-15,IB,Transfer,IH,1290.0,15.92,0.0,0.0,Subscription in-kind
25,26,2021-03-15,2021-03-15,IB,Trade,ISRG,156.0,733.99,0.0,0.0,
26,27,2021-03-15,2021-03-15,IB,Transfer,JD,2590.0,84.02,0.0,0.0,Subscription in-kind
27,28,2021-03-15,2021-03-15,IB,Transfer,JMIA,6500.0,47.92,0.0,0.0,Subscription in-kind
28,29,2021-03-15,2021-03-15,IB,Transfer,MSFT,2550.0,235.75,0.0,0.0,Subscription in-kind
29,30,2021-03-15,2021-03-15,IB,Trade,MSFT,429.0,233.086247,0.0,2.14,
30,31,2021-03-15,2021-03-15,IB,Transfer,EDU,3060.0,17.64,0.0,0.0,Subscription in-kind
31,32,2021-03-15,2021-03-15,IB,Trade,NVDA,288.0,521.97753,0.0,1.42,
32,33,2021-03-15,2021-03-15,IB,Transfer,PDD,2115.0,161.06,0.0,0.0,Subscription in-kind
33,34,2021-03-15,2021-03-15,IB,Transfer,TAL,1375.0,70.2,0.0,0.0,Subscription in-kind
34,35,2021-03-15,2021-03-15,IB,Transfer,TSLA,70.0,693.73,0.0,0.0,Subscription in-kind
35,36,2021-03-15,2021-03-15,IB,Transfer,TCOM,2900.0,43.38,0.0,0.0,Subscription in-kind
36,37,2021-03-15,2021-03-15,IB,Transfer,UBER,4403.0,60.35,0.0,0.0,Subscription in-kind
37,38,2021-03-15,2021-03-15,IB,Transfer,DIS,3329.0,197.16,0.0,0.0,Subscription in-kind
38,39,2021-03-15,2021-03-15,IB,Transfer,DAO,5070.0,33.05,0.0,0.0,Subscription in-kind
39,40,2021-03-15,2021-03-15,IB,Trade,ARKQ,2000.0,86.05,0.0,0.0,
40,41,2021-03-15,2021-03-15,IB,Transfer,ARKG,1500.0,91.8,0.0,0.0,Subscription in-kind
41,42,2021-03-22,2021-03-22,IB,Trade,AMZN,48.0,3106.22,0.0,1.0,
42,43,2021-03-22,2021-03-22,IB,Trade,AAPL May21'21 115 Put,-21.0,3.8,0.0,15.63,
43,44,2021-03-22,2021-03-22,IB,Trade,GOOG May21'21 1930 Put,-1.0,57.3,0.0,1.21,
44,45,2021-03-24,2021-03-24,AJ,Trade,1873.HK,56000.0,6.87,461.66,433.87,
45,46,2021-03-24,2021-03-24,AJ,Trade,2269.HK,4500.0,87.3,471.42,442.89,
46,47,2021-03-29,2021-03-29,AJ,Trade,1797.HK,46500.0,17.0,948.6,891.4,
47,48,2021-03-29,2021-03-29,IB,Trade,BIDU,495.0,199.88,0.0,2.48,
48,49,2021-03-29,2021-03-29,IB,Trade,GOTU,2990.0,33.9966555,0.0,14.95,
49,50,2021-03-29,2021-03-29,IB,Trade,TAL,925.0,54.8110811,0.0,4.63,
50,51,2021-03-29,2021-03-29,IB,Trade,DAO May21'21 25 Call,30.0,2.8236667,0.0,22.01,
51,52,2021-04-01,2021-04-01,IB,Trade,BIDU,311.0,225.6607074,0.0,1.5599986,
52,53,2021-04-05,2021-04-05,IB,Trade,ARKQ,1157.0,86.477554,0.0,5.780022,
53,54,2021-04-05,2021-04-05,IB,Trade,ARKG,1099.0,90.9774977,0.0,5.5000277,
54,55,2021-04-05,2021-04-05,IB,Trade,ARKF,1890.0,52.7851746,0.0,9.450006,
55,56,2021-04-07,2021-04-07,IB,Trade,700 Jul29'21 730 Call TENCENT HOLDINGS LTD,-70.0,19.0,0.0,476.0,
56,57,2021-04-09,2021-04-09,IB,Trade,GOTU,3530.0,28.1263626,0.0,17.650022,
57,58,2021-04-12,2021-04-12,IB,Trade,TSLA May21'21 620 Put,-5.0,25.15,0.0,3.95,
58,59,2021-04-12,2021-04-12,IB,Trade,BABA May21'21 200 Put,-5.0,1.35,0.0,3.69,
59,60,2021-04-12,2021-04-12,IB,Trade,AAPL May21'21 150 Call,-46.0,0.73,0.0,50.9,
60,61,2021-04-12,2021-04-12,IB,Trade,GOOG May21'21 2500 Call,-3.0,12.9,0.0,2.29,
61,62,2021-04-12,2021-04-12,IB,Trade,FB May21'21 260 Put,-50.0,1.5964,0.0,36.91,
62,63,2021-04-12,2021-04-12,IB,Trade,IH,1655.0,12.0518677,0.0,8.2789565,
63,64,2021-04-01,,IB,Transfer,AMZN,64.0,3094.08,,,
64,65,2021-04-01,,IB,Transfer,ARKF,2000.0,51.1,,,
65,66,2021-04-01,,IB,Transfer,ASML,736.0,617.36,,,
66,67,2021-04-01,,IB,Transfer,BGNE,294.0,348.08,,,
67,68,2021-04-01,,IB,Transfer,BIDU,1090.0,217.55,,,
68,69,2021-04-01,,IB,Transfer,CNK,10000.0,20.41,,,
69,70,2021-04-01,,IB,Transfer,DAO,21431.0,23.82,,,
70,71,2021-04-01,,IB,Transfer,DIS,690.0,184.52,,,
71,72,2021-04-01,,IB,Transfer,EDU,7820.0,14.0,,,
72,73,2021-04-01,,IB,Transfer,IBUY,2080.0,124.18,,,
73,74,2021-04-01,,IB,Transfer,IH,4705.0,12.51,,,
74,75,2021-04-01,,IB,Transfer,ISRG,288.0,738.94,,,
75,76,2021-04-01,,IB,Transfer,JD,700.0,84.33,,,
76,77,2021-04-01,,IB,Transfer,JMIA,4273.0,35.46,,,
77,78,2021-04-01,,IB,Transfer,LAIX,19324.0,2.52,,,
78,79,2021-04-01,,IB,Transfer,NVDA,185.0,533.93,,,
79,80,2021-04-01,,IB,Transfer,SPCE,11408.0,30.63,,,
80,81,2021-04-01,2021-04-13,IB,Transfer,TAL,7835.0,53.85,0.0,0.0,
81,82,2021-04-01,,IB,Transfer,WISH,2000.0,15.8,,,
82,83,2021-04-16,2021-04-16,IB,Trade,SPCE Jul16'21 20 Put,-50.0,2.38120005,0.0,39.24,
83,84,2021-04-21,2021-04-21,LIABILITY,Subscription,LIABILITY-SHAREHOLDER-HKD,-3000000.0,1.0,0.0,0.0,Terry转入DBS 300万港币，5月1号申购
84,85,2021-04-22,2021-04-22,LIABILITY,Subscription,LIABILITY-SHAREHOLDER-HKD,-2960000.0,1.0,0.0,0.0,Terry转入DBS 296万港币，5月1号申购
85,86,2021-04-23,2021-04-23,AJ,Trade,1873.HK,32000.0,6.37,244.61,229.88,
86,87,2021-04-23,2021-04-23,AJ,Trade,1877.HK,-4800.0,81.25,468.0,439.53,
87,88,2021-04-23,2021-04-23,AJ,Trade,3759.HK,-900.0,155.2,167.62,157.73,
88,89,2021-04-23,2021-04-23,AJ,Trade,9926.HK,-5000.0,55.35,332.1,312.15,
89,90,2021-04-23,2021-04-23,IB,Trade,2269(WXB)May28'21 115 Call,-8.0,6.25,0.0,74.0,
90,91,2021-04-23,2021-04-23,AJ,Trade,1565.HK,300000.0,1.588767,571.96,537.53,
91,92,2021-04-23,2021-04-23,LIABILITY,Subscription,LIABILITY-SHAREHOLDER-USD,-379998.07,1.0,0.0,0.0,Terry转入DBS 38万美金，5月1号申购
92,93,2021-04-23,2021-04-23,IB,Trade,LAIX,10000.0,1.946757,0.0,50.0,
93,94,2021-04-23,2021-04-23,IB,Trade,IH,1000.0,12.2795,0.0,5.0,
94,95,2021-04-23,2021-04-23,IB,Trade,GOTU,3800.0,27.19,0.0,19.0,
95,96,2021-04-23,2021-04-23,IB,Trade,EDU,15000.0,16.22,0.0,75.0,
96,97,2021-04-27,2021-04-27,IB,Trade,700 May28'21 620 Put TENCENT HOLDINGS LTD,-36.0,18.59,0.0,241.85,
97,98,2021-04-27,2021-04-27,IB,Trade,ARKG Jun18'21 90 Put,-20.0,4.66,0.0,14.9,
98,99,2021-04-27,2021-04-28,IB,Trade,LAIX,10000.0,2.1057705,0.0,50.0,
99,100,2021-04-27,2021-04-28,IB,Trade,IH,1000.0,13.0701933,0.0,5.0,
100,101,2021-04-27,2021-04-28,IB,Trade,GOOG May28'21 2330 Put,-2.0,83.5,0.0,1.84,
101,102,2021-04-27,2021-04-28,IB,Trade,SE May28'21 270 Put,-5.0,15.8,0.0,6.35,
102,103,2021-04-27,2021-04-28,IB,Trade,BABA May28'21 235 Call,-6.0,8.67,0.0,4.52,
103,105,2021-04-30,2021-04-30,IB,Trade,GOOG,90.0,2403.54,0.0,1.0,
104,106,2021-04-30,2021-04-30,IB,Trade,IH,800.0,12.935,0.0,4.0,
105,107,2021-04-30,2021-04-30,IB,Trade,LAIX,10000.0,2.066846,0.0,50.0,
106,108,2021-05-04,2021-05-04,IB,Trade,FB Jun18'21 320 Put,-10.0,12.61,0.0,7.626681,
107,109,2021-05-04,2021-05-04,IB,Trade,GOOG Jun18'21 2300 Put,-1.0,46.52,0.0,1.1876092,
108,110,2021-05-04,2021-05-04,IB,Trade,TWTR,2000.0,54.587775,0.0,10.0,
109,111,2021-05-04,2021-05-04,IB,Trade,UVXY,25000.0,4.79,0.0,125.0,
110,112,2021-05-06,2021-05-06,摩根,Transfer,0700.HK,2000.0,623.0,0.0,0.0,Subscription in-kind May 2021
111,113,2021-05-06,2021-05-06,摩根,Transfer,1797.HK,19500.0,14.94,0.0,0.0,Subscription in-kind May 2021
112,114,2021-05-06,2021-05-06,摩根,Transfer,1810.HK,48200.0,24.6,0.0,0.0,Subscription in-kind May 2021
113,115,2021-05-06,2021-05-06,摩根,Transfer,9988.HK,9000.0,225.0,0.0,0.0,Subscription in-kind May 2021
114,116,2021-05-06,2021-05-06,LIABILITY,Subscription,LIABILITY-SHAREHOLDER-HKD,-4748050.0,1.0,0.0,0.0,IB-Terry港股转入摩根，5月1号申购
115,117,2021-05-07,2021-05-07,LIABILITY,Subscription,LIABILITY-SHAREHOLDER-USD,-105165.0,1.0,0.0,0.0,IB-Terry美股转入摩根，5月1号申购
116,118,2021-05-07,2021-05-07,摩根,Transfer,BIDU,500.0,210.33,0.0,0.0,Subscription in-kind May 2021
117,119,2021-05-11,2021-05-11,IB,Trade,3690 Sep29'21 200 Put,-14.0,9.8,0.0,179.2,
118,120,2021-05-11,2021-05-11,IB,Trade,9618 Sep29'21 250 Put,-10.0,12.51,0.0,155.1,
119,121,2021-05-10,2021-05-10,LIABILITY,Subscription,LIABILITY-SHAREHOLDER-HKD,-6500000.0,1.0,0.0,0.0,IB-Terry转入IB-Skydog 650万港币，5月1号申购
120,122,2021-05-01,2021-05-01,LIABILITY,Subscription,LIABILITY-SHAREHOLDER-HKD,3000000.0,1.0,0.0,0.0,Terry转入DBS 300万港币，5月1号申购
121,123,2021-05-01,2021-05-01,LIABILITY,Subscription,LIABILITY-SHAREHOLDER-HKD,2960000.0,1.0,0.0,0.0,Terry转入DBS 296万港币，5月1号申购
122,124,2021-05-01,2021-05-01,LIABILITY,Subscription,LIABILITY-SHAREHOLDER-HKD,4748050.0,1.0,0.0,0.0,IB-Terry港股转入摩根，5月1号申购
123,125,2021-05-01,2021-05-01,LIABILITY,Subscription,LIABILITY-SHAREHOLDER-USD,379998.07,1.0,0.0,0.0,Terry转入DBS 38万美金，5月1号申购
124,126,2021-05-01,2021-05-01,LIABILITY,Subscription,LIABILITY-SHAREHOLDER-USD,105165.0,1.0,0.0,0.0,IB-Terry美股转入摩根，5月1号申购
125,127,2021-05-11,2021-05-11,IB,Trade,ARKQ Sep17'21 70 Put,-25.0,3.4,0.0,34.81,
126,128,2021-05-11,2021-05-11,IB,Trade,SHOP Sep17'21 980 Put,-1.0,65.1,0.0,2.08,
127,129,2021-05-11,2021-05-11,IB,Trade,MSFT Sep17'21 225 Put,-5.0,7.05,0.0,3.75,
128,130,2021-05-11,2021-05-11,IB,Trade,ARKF Oct15'21 40 Put,-24.0,1.96,0.0,17.74,
129,131,2021-05-01,2021-05-01,LIABILITY,Subscription,LIABILITY-SHAREHOLDER-HKD,6500000.0,1.0,0.0,0.0,IB-Terry转入IB-Skydog 650万港币，5月1号申购
130,132,2021-05-12,2021-05-12,IB,Income,ASML,0.0,0.0,0.0,-1169.68,
131,133,2021-05-13,2021-05-13,IB,Income,AAPL,0.0,0.0,0.0,-709.17,
132,134,2021-05-14,2021-05-14,IB,Trade,9618 Sep29'21 260 Put,-12.0,18.8,0.0,261.6,
133,135,2021-05-14,2021-05-14,IB,Trade,9618 Sep29'21 235 Put,-9.0,9.3,0.0,110.7,
134,137,2021-05-14,2021-05-14,IB,Trade,TME Oct15'21 16 Call,120.0,1.5896667,0.0,130.86,
135,138,2021-05-14,2021-05-14,IB,Trade,TSLA Sep17'21 550 Put,-3.0,68.63,0.0,2.66,
136,139,2021-05-14,2021-05-14,IB,Expense,BABA,0.0,0.0,0.0,27.68,
137,140,2021-05-19,2021-05-19,IB,Trade,WISH,2320.0,8.64,0.0,11.6,投机买入
138,141,2021-05-19,2021-05-19,IB,Trade,CNK,-10000.0,21.56427105,0.0,52.29,投机结束，清仓
139,142,2021-05-19,2021-05-19,IB,Trade,PDD Jun18'21 110 Put,-12.0,3.47,0.0,8.91,Sell Put 增加风险敞口
140,143,2021-05-19,2021-05-19,IB,Trade,AAPL Jun18'21 120 Put,-14.0,2.63,0.0,10.37,Sell Put 增加风险敞口
141,144,2021-05-19,2021-05-19,IB,Trade,AMZN Jun18'21 3200 Put,-1.0,94.75,0.0,1.79,Sell Put 增加风险敞口
142,145,2021-05-19,2021-05-19,IB,Trade,IH,1300.0,9.9830769,0.0,6.5,按配置计划加仓，买入2万美金
143,146,2021-05-21,2021-05-21,IB,Trade,AAPL May21'21 115 Put,21.0,0.0,0.0,0.0,
144,147,2021-05-21,2021-05-21,IB,Trade,AAPL May21'21 150 Call,46.0,0.0,0.0,0.0,
145,148,2021-05-21,2021-05-21,IB,Trade,BABA May21'21 200 Put,5.0,0.0,0.0,0.0,
146,149,2021-05-21,2021-05-21,IB,Trade,DAO May21'21 25 Call,-30.0,0.0,0.0,0.0,
147,150,2021-05-21,2021-05-21,IB,Trade,FB May21'21 260 Put,50.0,0.0,0.0,0.0,
148,151,2021-05-21,2021-05-21,IB,Trade,GOOG May21'21 1930 Put,1.0,0.0,0.0,0.0,
149,152,2021-05-21,2021-05-21,IB,Trade,GOOG May21'21 2500 Call,3.0,0.0,0.0,0.0,
150,153,2021-05-21,2021-05-21,IB,Trade,TSLA May21'21 620 Put,5.0,0.0,0.0,0.0,
151,154,2021-05-21,2021-05-21,IB,Trade,TSLA,500.0,620.0,0.0,0.0,行权买入
152,156,2021-05-28,2021-05-28,IB,Trade,TSLA,-138.0,628.5,0.0,1.46,速缩小，未来不确定性增大，减仓到1%
153,157,2021-05-28,2021-05-28,IB,Trade,2269(WXB)May28'21 115 Call,8.0,0.0,0.0,16.0,期权到期
154,158,2021-05-28,2021-05-28,IB,Trade,700 May28'21 620 Put TENCENT HOLDINGS LTD,36.0,0.0,0.0,72.0,期权到期
155,159,2021-05-28,2021-05-28,IB,Trade,2269.HK,-4000.0,115.0,400.7,472.42,行权卖出
156,160,2021-05-28,2021-05-28,IB,Trade,0700.HK,3600.0,620.0,1942.34,2292.26,行权买入
157,161,2021-05-28,2021-05-28,IB,Trade,BABA May28'21 235 Call,6.0,0.0,0.0,0.0,期权到期
158,162,2021-05-28,2021-05-28,IB,Trade,GOOG May28'21 2330 Put,2.0,0.0,0.0,0.0,期权到期
159,163,2021-05-28,2021-05-28,IB,Trade,SE May28'21 270 Put,5.0,0.0,0.0,0.0,期权到期
160,164,2021-05-28,2021-05-28,IB,Trade,SE,500.0,270.0,0.0,0.0,行权买入
161,165,2021-06-01,2021-06-01,IB,Trade,1177 Aug30'21 8.75 Call,-18.0,0.48,0.0,140.4,超配，通过sell call减掉10万美金
162,166,2021-06-07,2021-06-07,摩根,Income,0700.HK,0.0,0.0,0.0,-3200.0,
163,167,2021-06-08,2021-06-08,AJ,Income,0700.HK,0.0,0.0,0.0,-29464.43,
164,168,2021-06-10,2021-06-10,IB,Income,MSFT,0.0,0.0,0.0,-1167.77,
165,169,2021-06-15,2021-06-15,IB,Expense,LAIX,0.0,0.0,0.0,986.48,
166,170,2021-06-18,2021-06-18,IB,Trade,AAPL Jun18'21 120 Put,14.0,0.0,0.0,0.0,
167,171,2021-06-18,2021-06-18,IB,Trade,AMZN Jun18'21 3200 Put,1.0,0.0,0.0,0.0,
168,172,2021-06-18,2021-06-18,IB,Trade,ARKG Jun18'21 90 Put,20.0,0.0,0.0,0.0,
169,173,2021-06-18,2021-06-18,IB,Trade,FB Jun18'21 320 Put,10.0,0.0,0.0,0.0,
170,174,2021-06-18,2021-06-18,IB,Trade,GOOG Jun18'21 2300 Put,1.0,0.0,0.0,0.0,
171,175,2021-06-18,2021-06-18,IB,Trade,PDD Jun18'21 110 Put,12.0,0.0,0.0,0.0,
172,176,2021-06-18,2021-06-18,IB,Trade,ARKG,2000.0,90.0,0.0,0.0,期权到期买入
173,177,2021-06-23,2021-06-23,AJ,Trade,9618.HK,3400.0,286.8,1170.14,1099.85,季度再平衡
174,178,2021-06-23,2021-06-23,AJ,Trade,3690.HK,1800.0,294.6,636.34,598.34,季度再平衡
175,179,2021-06-23,2021-06-23,AJ,Trade,2269.HK,-3500.0,136.6,573.72,539.73,季度再平衡
176,180,2021-06-23,2021-06-23,AJ,Trade,3759.HK,-3400.0,206.0,840.48,789.95,季度再平衡
177,181,2021-06-23,2021-06-23,AJ,Trade,1873.HK,-116500.0,10.236309,1431.04,1344.4585,季度再平衡
178,182,2021-06-23,2021-06-23,IB,Trade,AMZN,83.0,3505.0,0.0,1.0,季度再平衡
179,183,2021-06-23,2021-06-23,IB,Trade,AAPL,1333.0,133.75,0.0,6.665,季度再平衡
180,184,2021-06-23,2021-06-23,IB,Trade,DIS,496.0,173.5,0.0,2.48,季度再平衡
181,185,2021-06-23,2021-06-23,IB,Trade,BGNE,-215.0,334.99,0.0,1.47,季度再平衡
182,186,2021-06-23,2021-06-23,IB,Trade,BABA,-490.0,214.31,0.0,3.04387069,季度再平衡
183,187,2021-06-23,2021-06-23,IB,Trade,SPCE,-7263.0,39.03,0.0,38.625,季度再平衡
184,188,2021-06-23,2021-06-23,IB,Trade,MSFT,-1050.0,265.5,0.0,6.8,季度再平衡
185,189,2021-06-23,2021-06-23,摩根,Transfer,PDD,2864.0,127.02,0.0,0.0,Subscription in-kind July 2021
186,190,2021-06-23,2021-06-23,LIABILITY,Subscription,LIABILITY-SHAREHOLDER-USD,-363785.28,1.0,0.0,0.0,Treasure Keeper美股转入摩根，7月1号申购
187,191,2021-06-28,2021-06-28,AJ,Trade,0410.HK,-108000.0,4.32,559.87,526.26,清仓
188,192,2021-06-30,2021-06-30,IB,Trade,JMIA,-1626.0,30.7649231,0.0,8.578615202,季度再平衡，卖出5万美元
189,193,2021-06-30,2021-06-30,IB,Trade,SHOP,33.0,1477.28,0.0,1.0,逐步建仓，首笔买入5万美元
190,194,2021-06-30,2021-06-30,IB,Trade,WISH,3828.0,13.0324817,0.0,19.14,配置到0.5%，买入5万美元
191,195,2021-06-30,2021-06-30,LIABILITY,Subscription,LIABILITY-SHAREHOLDER-USD,-540163.0,1.0,0.0,0.0,IB-terry美股转入摩根，7月1号申购
192,197,2021-07-02,2021-07-02,摩根,Transfer,ARKQ,4100.0,86.21,0.0,0.0,Subscription in-kind July 2021
193,198,2021-07-02,2021-07-02,摩根,Transfer,TAL,7400.0,25.23,0.0,0.0,Subscription in-kind July 2021
194,199,2021-07-01,2021-07-01,IB,Income,NVDA,0.0,0.0,0.0,-52.98,利息
195,200,2021-07-02,2021-07-02,AJ,Income,3759.HK,0.0,0.0,0.0,-3342.78,利息
196,201,2021-07-06,,IB,Expense,2269.HK,,,418.66,,卖空股票利息
197,202,2021-07-12,2021-07-12,AJ,Income,1873.HK,0.0,0.0,0.0,-1835.0,股票利息
198,203,2021-07-13,2021-07-13,IB,Trade,0700.HK,2800.0,556.5,1246.56,1601.07,腾讯经过一轮下跌，已经比较便宜，加仓到90%
199,204,2021-07-13,2021-07-13,AJ,Income,1177.HK,0.0,0.0,0.0,-11681.5,股票利息
200,205,2021-07-13,2021-07-13,IB,Trade,DIS,-4515.0,184.0,0.0,27.3492,流媒体赛道竞争太激烈，当前价格已经反应了比较高的预期，清仓
201,206,2021-07-13,2021-07-13,IB,Trade,SE,-500.0,278.73,0.0,3.27026,没有精力研究，替换成IBUY
202,207,2021-07-13,2021-07-13,IB,Trade,SHOP,-33.0,1492.59,0.0,1.25513,没有精力研究，替换成IBUY
203,208,2021-07-13,2021-07-13,IB,Trade,IBUY,1500.0,128.0,0.0,7.5,SE和SHOP换股
204,209,2021-07-13,2021-07-13,IB,Trade,TSLA,-432.0,686.49,0.0,3.72388,自动驾驶赛道暂时先配置DRIV，TSLA换成DRIV
205,210,2021-07-13,2021-07-13,IB,Trade,DRIV,10000.0,28.35,0.0,50.0,自动驾驶赛道暂时先配置DRIV，TSLA换成DRIV
206,211,2021-07-13,2021-07-13,IB,Trade,ARKQ,-3157.0,83.19,0.0,17.5001,将ARKQ换成ARKK
207,212,2021-07-13,2021-07-13,摩根,Trade,ARKQ,-4100.0,83.19,0.0,513.36,将ARKQ换成ARKK
208,213,2021-07-13,2021-07-13,IB,Trade,ARKF,-3890.0,52.55,0.0,20.9554,将ARKF换成ARKK
209,214,2021-07-13,2021-07-13,IB,Trade,ARKG,-4599.0,88.435,0.0,25.6165,将ARKG换成ARKK
210,215,2021-07-13,2021-07-13,IB,Trade,ARKK,9000.0,124.49,0.0,45.0,将ARK基金简化成ARKK，其他清仓
211,216,2021-07-13,2021-07-13,IB,Trade,SPCE Oct15'21 30 Put,-30.0,3.8,0.0,21.3521,恢复风险敞口到1%
212,217,2021-07-13,2021-07-13,IB,Trade,SPCE Oct15'21 30 Put,-10.0,3.45,0.0,7.1156,恢复风险敞口到1%
213,218,2021-07-02,2021-07-02,LIABILITY,Subscription,LIABILITY-SHAREHOLDER-USD,363785.28,1.0,0.0,0.0,Treasure Keeper美股转入摩根，7月1号申购
214,219,2021-06-30,2021-07-02,LIABILITY,Subscription,LIABILITY-SHAREHOLDER-USD,540163.0,1.0,0.0,0.0,IB-terry美股转入摩根，7月1号申购
215,220,2021-07-15,2021-07-15,IB,Trade,SPCE,2000.0,33.191745,0.0,10.0,
216,221,2021-07-16,2021-07-16,IB,Trade,SPCE Oct15'21 20 Put,-50.0,1.16,0.0,35.5196,
217,222,2021-07-16,2021-07-16,IB,Trade,SPCE Jul16'21 20 Put,50.0,0.0,0.0,0.0,
218,223,2021-07-20,2021-07-20,AJ,Trade,1873.HK,-148500.0,8.7,1550.34,1456.08,Peter建议清仓，政策不利，CFO持股5%，离职后应该会卖股票。
219,224,2021-07-20,2021-07-20,IB,Trade,TME,22827.0,11.51,0.0,114.135,估值处于低位，长期看好，纳入T2正式持有，先建仓1%
220,225,2021-07-20,2021-07-20,IB,Trade,NVDA,1419.0,0.0,0.0,0.0,拆股4:1
221,226,2021-07-21,2021-07-21,IB,Trade,KWEB Jan21'22 48 Put,420.0,1.5,0.0,293.076,
222,227,2021-07-22,2021-07-22,IB,Trade,700 Oct28'21 470 Put,-300.0,6.57,0.0,1294.2,中概互联整体回撤了40%，是比较便宜的时候。通过构建一个占用Margin 500万美金的中概互联头部公司 SELL PUT 组合，寻求两个投资收益：一个是中概不再继续下跌超过15%，赚期权费。另一个是如果继续下跌超过15%，则接货等待反弹。这部分投资和当前配置独立区别操作，不做长期持有的打算。配置上，覆盖金额分布：腾讯8（38%，190万），阿里5（120万），美团3（15%，75万），小米3（15%，75万），百度2（9.5%，47万）
223,228,2021-07-22,2021-07-22,IB,Trade,9988 Oct28'21 175 Put,-110.0,2.9,0.0,649.0,中概互联整体回撤了40%，是比较便宜的时候。通过构建一个占用Margin 500万美金的中概互联头部公司 SELL PUT 组合，寻求两个投资收益：一个是中概不再继续下跌超过15%，赚期权费。另一个是如果继续下跌超过15%，则接货等待反弹。这部分投资和当前配置独立区别操作，不做长期持有的打算。配置上，覆盖金额分布：腾讯8（38%，190万），阿里5（120万），美团3（15%，75万），小米3（15%，75万），百度2（9.5%，47万）
224,229,2021-07-22,2021-07-22,IB,Trade,3690 Oct28'21 235 Put,-50.0,8.03,0.0,551.5,中概互联整体回撤了40%，是比较便宜的时候。通过构建一个占用Margin 500万美金的中概互联头部公司 SELL PUT 组合，寻求两个投资收益：一个是中概不再继续下跌超过15%，赚期权费。另一个是如果继续下跌超过15%，则接货等待反弹。这部分投资和当前配置独立区别操作，不做长期持有的打算。配置上，覆盖金额分布：腾讯8（38%，190万），阿里5（120万），美团3（15%，75万），小米3（15%，75万），百度2（9.5%，47万）
225,230,2021-07-22,2021-07-22,IB,Trade,1810 Oct28'21 23 Put,-250.0,0.5,0.0,500.0,中概互联整体回撤了40%，是比较便宜的时候。通过构建一个占用Margin 500万美金的中概互联头部公司 SELL PUT 组合，寻求两个投资收益：一个是中概不再继续下跌超过15%，赚期权费。另一个是如果继续下跌超过15%，则接货等待反弹。这部分投资和当前配置独立区别操作，不做长期持有的打算。配置上，覆盖金额分布：腾讯8（38%，190万），阿里5（120万），美团3（15%，75万），小米3（15%，75万），百度2（9.5%，47万）
226,231,2021-07-22,2021-07-22,IB,Trade,BIDU Oct15'21 155 Put,-30.0,3.88,0.0,12.35,中概互联整体回撤了40%，是比较便宜的时候。通过构建一个占用Margin 500万美金的中概互联头部公司 SELL PUT 组合，寻求两个投资收益：一个是中概不再继续下跌超过15%，赚期权费。另一个是如果继续下跌超过15%，则接货等待反弹。这部分投资和当前配置独立区别操作，不做长期持有的打算。配置上，覆盖金额分布：腾讯8（38%，190万），阿里5（120万），美团3（15%，75万），小米3（15%，75万），百度2（9.5%，47万）
227,232,2021-07-22,2021-07-22,IB,Trade,KWEB Jan21'22 48 Put,-420.0,1.3,0.0,122.81,平仓
228,233,2021-07-23,2021-07-23,IB,Trade,TAL,-10135.0,9.005909719,0.0,52.34656697,
229,234,2021-07-23,2021-07-23,摩根,Trade,TAL,-7400.0,9.0,0.0,100.24,
230,235,2021-07-23,2021-07-23,IB,Trade,KWEB Nov19'21 45 Put,-400.0,1.17,0.0,438.02868,
231,236,2021-07-23,2021-07-23,IB,Trade,TAL Aug20'21 10 call,170.0,1.2,0.0,120.326,
232,237,2021-07-23,2021-07-23,IB,Trade,EDU Aug20'21 5 call,400.0,0.26,0.0,-36.88,
233,238,2021-07-26,2021-07-26,AJ,Trade,1797.HK,-121000.0,4.0270248,730.91,549.88,
234,239,2021-07-26,2021-07-26,摩根,Trade,1797.HK,-19500.0,4.14,0.0,208.31,
235,240,2021-07-26,2021-07-26,IB,Trade,FB,-2179.0,372.539231299,0.0,15.294292225,美股处于高位，风险加大，所有股票仓位调整到50%
236,241,2021-07-26,2021-07-26,IB,Trade,GOOG,-228.0,2764.920285088,0.0,4.382181308,美股处于高位，风险加大，所有股票仓位调整到50%
237,242,2021-07-26,2021-07-26,IB,Trade,AMZN,-92.0,3677.978532609,0.0,2.736655527,美股处于高位，风险加大，所有股票仓位调整到50%
238,243,2021-07-26,2021-07-26,IB,Trade,ASML,-388.0,755.381469072,0.0,3.480920852,美股处于高位，风险加大，所有股票仓位调整到50%
239,244,2021-07-26,2021-07-26,IB,Trade,AAPL,-1549.0,149.446181407,0.0,9.109940888,美股处于高位，风险加大，所有股票仓位调整到50%
240,245,2021-07-26,2021-07-26,IB,Trade,IBUY,-452.0,125.510199115,0.0,2.603114111,美股处于高位，风险加大，所有股票仓位调整到50%
241,246,2021-07-26,2021-07-26,IB,Trade,NVDA,-559.0,193.400608229,0.0,3.412886794,美股处于高位，风险加大，所有股票仓位调整到50%
242,247,2021-07-26,2021-07-26,IB,Trade,ISRG,-177.0,960.869858757,0.0,1.888440221,美股处于高位，风险加大，所有股票仓位调整到50%
243,248,2021-07-26,2021-07-26,IB,Trade,ARKK,-2609.0,122.429356075,0.0,14.984503769,美股处于高位，风险加大，所有股票仓位调整到50%
244,249,2021-07-26,2021-07-26,IB,Trade,QQQ Oct15'21 312 Put,-70.0,2.84,0.0,49.787388,
245,250,2021-07-26,2021-07-26,IB,Trade,TAL Aug20'21 10 call,-170.0,0.501176471,0.0,41.109452,
246,251,2021-07-26,2021-07-26,IB,Trade,EDU Aug20'21 5 call,-400.0,0.153525,0.0,176.7513191,
247,252,2021-07-29,2021-07-29,AJ,Trade,1358.HK,100000.0,1.3,156.0,146.51,
248,253,2021-07-29,2021-07-29,IB,Trade,700 Jul29'21 730 Call TENCENT HOLDINGS LTD,70.0,0.0,0.0,0.0,期权到期
249,254,2021-08-03,2021-08-03,IB,Trade,UVXY,-2500.0,30.0,0.0,13.18,清仓
250,255,2021-05-26,2021-05-26,IB,Trade,UVXY,-22500.0,0.0,0.0,0.0,拆分1：0.1
251,256,2021-08-04,,IB,Expense,2269.HK,,,497.49,,卖空股票利息
252,327,2020-12-02,,老洪,Trade,XS2236233446,1.0,300000.0,-0.0,,
253,328,2020-11-13,,老洪,Trade,XS2217489488,1.0,200000.0,-0.0,,
254,329,2020-12-30,,老洪,Income,XS2217489488,,,-2525.0,,
255,330,2021-01-25,,老洪,Income,XS2236233446,,,-4442.7,,
256,331,2021-01-29,,老洪,Trade,XS2217489488,-1.0,200000.0,-0.0,,
257,332,2021-01-29,,老洪,Income,XS2217489488,,,-2525.0,,
258,333,2021-02-02,,老洪,Trade,XS1987564660,1.0,300000.0,,,
259,334,2021-02-23,,老洪,Income,XS2236233446,,,-4442.7,,
260,335,2021-03-18,,老洪,Income,XS1987564660,,,-3750.0,,
261,336,2021-03-22,,老洪,Trade,1797.HK,90420.0,25.76,,,
262,337,2021-03-22,,老洪,Income,XS2236233446,,,-4442.7,,
263,338,2021-03-22,,老洪,Trade,XS2236233446,-1.0,300000.0,-0.0,,
264,339,2021-03-22,,老洪,Trade,XS2236233446,,,285.72,,
265,340,2021-04-20,,老洪,Income,XS1987564660,,,-3750.0,,
266,341,2021-04-01,,老洪,Trade,0700.HK,900.0,652.5,2982.22,,
267,342,2021-04-01,2021-04-06,老洪,Trade,FB,271.0,298.61,606.92,,
268,343,2021-04-01,2021-04-06,老洪,Trade,GOOG,39.0,2099.99,614.25,,
269,344,2021-04-01,2021-04-06,老洪,Trade,AMZN,26.0,3117.94,608.0,,
270,345,2021-04-01,2021-04-06,老洪,Trade,MSFT,338.0,238.6,604.85,,
271,346,2021-04-01,2021-04-06,老洪,Trade,AAPL,544.0,123.65,504.49,,
272,347,2021-04-01,2021-04-06,老洪,Trade,KWEB,697.0,79.46,415.38,,
273,348,2021-04-01,2021-04-06,老洪,Trade,IBUY,428.0,126.19,405.07,,
274,349,2021-04-01,2021-04-06,老洪,Trade,DAO,558.0,24.63,103.08,,
275,350,2021-04-01,2021-04-06,老洪,Trade,TAL,247.0,56.0,103.74,,
276,351,2021-04-01,2021-04-06,老洪,Trade,GOTU,393.0,34.69,102.25,,
277,352,2021-04-01,2021-04-06,老洪,Trade,ARKQ,158.0,85.88,101.77,,
278,353,2021-04-01,2021-04-06,老洪,Trade,ARKG,150.0,90.34,101.63,,
279,354,2021-04-01,2021-04-06,老洪,Trade,ARKF,130.0,52.4,51.09,,
280,355,2021-05-17,,老洪,Trade,0700.HK,300.0,598.0,970.56,,
281,356,2021-05-17,,老洪,Trade,9988.HK,2500.0,206.6,2622.77,,
282,357,2021-05-17,,老洪,Trade,GOOG,20.0,2303.38,345.51,,
283,358,2021-05-17,,老洪,Trade,AMZN,2.0,3245.93,100.0,,
284,359,2021-05-17,,老洪,Trade,FB,161.0,313.37,378.39,,
285,360,2021-05-17,,老洪,Trade,MSFT,29.0,246.43,100.0,,
286,361,2021-05-17,,老洪,Trade,AAPL,170.0,126.78,161.64,,
287,362,2021-05-17,,老洪,Trade,KWEB,234.0,68.91,120.94,,
288,363,2021-05-17,,老洪,Trade,IBUY,57.0,112.17,100.0,,
289,364,2021-05-17,,老洪,Trade,9618.HK,500.0,264.6,919.24,,
290,365,2021-05-17,,老洪,Trade,PDD,154.0,117.75,136.0,,
291,366,2021-05-17,,老洪,Trade,3690.HK,500.0,253.4,913.51,,
292,367,2021-05-17,,老洪,Trade,DAO,1144.0,21.08,180.87,,
293,368,2021-05-17,,老洪,Trade,TAL,500.0,48.73,182.74,,
294,369,2021-05-17,,老洪,Trade,GOTU,1207.0,22.84,206.76,,
295,370,2021-05-17,,老洪,Trade,1797.HK,-50000.0,13.1586,3340.32,,
296,371,2021-05-17,,老洪,Trade,ARKQ,78.0,76.57,100.0,,
297,372,2021-05-17,,老洪,Trade,ARKG,88.0,75.77,100.0,,
298,373,2021-05-17,,老洪,Trade,ARKF,66.0,46.01,100.0,,
299,374,2021-07-02,,老洪,Trade,0700.HK,1200.0,576.5,3512.47,,
300,375,2021-07-02,,老洪,Trade,3690.HK,400.0,307.2,909.07,,
301,376,2021-07-02,,老洪,Trade,1797.HK,-10500.0,9.17,881.02,,
302,377,2021-07-02,,老洪,Trade,AMZN,12.0,3451.47,310.63,,
303,378,2021-07-02,,老洪,Trade,FB,98.0,355.1,261.0,,
304,379,2021-07-02,,老洪,Trade,MSFT,149.0,272.63,304.66,,
305,380,2021-07-02,,老洪,Trade,AAPL,313.0,137.91,323.74,,
306,381,2021-07-02,,老洪,Trade,KWEB,-931.0,67.47,471.43,,
307,382,2021-07-02,,老洪,Trade,IBUY,-485.0,129.42,471.09,,
308,383,2021-07-02,,老洪,Trade,PDD,147.0,121.31,133.74,,
309,384,2021-05-13,,老洪,Income,AAPL,,,-3750.0,,
310,385,2021-05-19,,老洪,Income,XS1987564660,,,-3750.0,,
311,386,2021-06-07,,老洪,Income,0700.HK,,,-1920.0,,
312,387,2021-06-10,,老洪,Income,MSFT,,,-205.52,,
313,388,2021-06-18,,老洪,Income,XS1987564660,,,-3750.0,,
314,389,2021-07-05,,老洪,Trade,XS2218393317,1.0,250000.0,-0.0,,
315,390,2021-07-15,,老洪,Trade,9988.HK,9800.0,212.2,10558.37,,
316,391,2021-07-15,,老洪,Trade,9618.HK,7000.0,297.4,10569.5,,
317,392,2021-07-19,,老洪,Trade,0700.HK,2400.0,549.0,6689.86,,
318,393,2021-07-23,,老洪,Trade,TAL,-747.0,8.07,100.01,,
319,394,2021-07-20,,老洪,Income,XS1987564660,,,-3750.0,,
320,401,2021-08-13,,ms_terry,Trade,TME,15857.0,18.918,,,
321,418,2021-08-13,,ms_terry,Trade,600900.SS,32400.0,19.5951009259259,,,
322,419,2021-08-13,,ms_terry,Trade,9888.HK,13023.0,179.01,,,
323,420,2021-08-13,,ms_terry,Trade,EWZ,12439.0,41.5111013747086,,,
324,421,2021-08-13,,ms_terry,Trade,SMSN,133.0,1198.22751879699,,,
325,422,2021-08-13,,ms_terry,Trade,600519.SS,900.0,1940.77156666667,,,
326,423,2021-08-12,,IB,Income,AAPL,,,,-675.91,
327,424,2021-08-13,,IB,Trade,0410.HK,60000.0,3.4,434.71,,投机
328,425,2021-07-31,,IB,,OPTION-PUT-T1-USD,,,,-520000.0,七月份sell put 合约的总价值为-52万
329,446,2021-08-13,,ms_terry,Trade,CCY FRWD USD  vs. CNY(OFFSHORE) @ 6.6999 2022/03/24  REF Q79YE6,1000000.0,1.0,,,
330,447,2021-08-13,,ms_terry,Trade,CCY FRWD CNY(OFFSHORE)  vs. USD @ 6.6999 2022/03/24  REF Q79YE6,-6699910.0,1.0,,,
331,465,2021-08-13,,ms_terry,Trade,Q79YE6,1000000.0,1.0,,,
332,466,2021-08-13,,ms_terry,Trade,Q79YE6,-6699910.0,1.0,,,
333,470,2021-08-17,,ms_terry,Trade,XS1627599498,200000.0,99.345835,,,
334,471,2021-08-17,,ms_terry,Trade,AU3CB0253367,300000.0,109.386683333333,,,
335,472,2021-08-17,,ms_terry,Trade,LU0539801802,9986.684,15.1401606379054,,,
336,473,2021-08-17,,ms_terry,Trade,LU0898699433,13489.209,11.2089596951163,,,
337,475,2021-08-16,,ms_terry,Trade,XS2354653458,1.0,300000.0,,,
338,477,2021-08-16,,ms_terry,Trade,XS2288738375,1.0,300000.0,,,
339,478,2021-08-16,,ms_terry,Trade,XS2359586190,1.0,300000.0,,,
340,479,2021-08-16,,ms_terry,Trade,LU2295180033,1.0,300000.0,,,
341,480,2021-08-16,,ms_terry,Trade,XS2313836541,1.0,300000.0,,,
342,481,2021-08-16,,ms_terry,Trade,XS2313823994,1.0,300000.0,,,
343,482,2021-08-16,,ms_terry,Trade,XS2297748753,1.0,300000.0,,,
344,483,2021-08-16,,ms_terry,Trade,XS2294208363,1.0,300000.0,,,
345,484,2021-08-16,,ms_terry,Trade,XS2218322217,1.0,400000.0,,,
346,485,2021-08-16,,ms_terry,Trade,Q79YE6,1000000.0,1.0,,,
347,486,2021-08-16,,ms_terry,Trade,Q79YE6,-6699910.0,1.0,,,
348,487,2021-08-17,,ms_terry,Trade,LU0236503040,1770.0,284.870881355932,,,
349,488,2021-08-17,,ms_terry,Trade,XS1580431143,200000.0,79.894165,,,
350,523,2021-03-22,,ms_terry,Trade,Q79YE6-USD,1.0,1000000.0,,,
351,524,2021-03-22,,ms_terry,Trade,Q79YE6-CNY,1.0,-6699910.0,,,
352,530,2021-08-18,,ms_terry,Trade,XS2279291384,1.0,300000.0,,,
353,531,2021-08-16,,IB,Trade,700 AUG30'21 540 Call,-10.0,1.92,48.0,,
354,532,2021-08-18,,IB,Trade,700 Sep29'21 400 Put,50.0,11.5,265.0,,
355,533,2021-08-18,,IB,Trade,700 Sep29'21 400 Put,50.0,11.3,263.0,,
356,534,2021-08-18,,IB,Trade,700 Sep29'21 490 Call,-50.0,10.0,250.0,,
357,535,2021-08-18,,ms_terry,Trade,XS2218385057,1.0,300000.0,,,
358,536,2021-08-19,,AJ,Transfer,0700.HK,-18684.0,436.2,,,
359,537,2021-08-19,,IB,Transfer,0700.HK,18684.0,436.2,,,
360,538,2021-08-20,,IB,Trade,3690 Sep29'21 240 Call,-5.0,4.8,39.0,,
361,539,2021-08-20,,IB,Trade,3690 Sep29'21 240 Call,-10.0,4.85,78.5,,
362,540,2021-08-18,,ms_terry,Trade,XS2288738375,-1.0,300000.0,-4644.9,,
363,541,2021-08-12,,老洪,Income,AAPL,,,-158.16,,
364,542,2021-08-19,,老洪,Income,XS1987564660,,,-3750.0,,
365,543,2021-08-19,,老洪,Trade,XS1987564660,-1.0,300000.0,,,
366,544,2021-08-19,,老洪,Trade,9988.HK,10836.0,215.384,,,
367,545,2021-08-19,,老洪,Expense,9988.HK,,,289.11,,
368,546,2021-08-20,,IB,Trade,TSLA,100.0,680.0,1.0,,
369,547,2021-08-23,,老洪,Income,XS2218393317,,,-2481.25,,
370,548,2021-08-19,,ms_terry,Trade,XS2298837985,1.0,300000.0,,,
371,549,2021-08-19,,ms_terry,Trade,XS2295806553,1.0,300000.0,,,
372,550,2021-08-23,,摩根,Transfer,0700.HK,-2000.0,425.4,,,
373,551,2021-08-23,,IB,Transfer,0700.HK,2000.0,425.4,,,
374,552,2021-08-30,,IB,Trade,1177 Aug30'21 8.75 Call,18.0,,,,
375,553,2021-08-30,,IB,Trade,700 AUG30'21 540 Call,10.0,,,,
376,554,2021-09-02,,IB,Trade,3690 Sep29'21 245 Put,-15.0,9.5,187.5,,
377,555,2021-09-02,,IB,Trade,700 Sep29'21 400 Put,-1.0,0.98,21.0,,
378,556,2021-09-02,,IB,Trade,700 Sep29'21 470 Put,-50.0,7.0,220.0,,
379,557,2021-09-02,,IB,Trade,700 Sep29'21 490 Put,-50.0,13.0,280.0,,
380,558,2021-09-03,,IB,Expense,2269.HK,,,385.03,,卖空股票利息
381,559,2021-08-13,,IB,Expense,EDU,,,517.6,,
382,560,2021-09-06,,IB,Trade,2269.HK,4000.0,119.0,380.8,631.85,
383,561,2021-09-03,,ms_terry,Income,LU0539801802,,,-485.35,,
384,562,2021-09-07,,IB,Trade,AAPL,-4389.0,155.7,25.95246423,,
385,563,2021-09-07,,IB,Trade,AMZN,-249.0,3494.0,5.7116616,,
386,564,2021-09-07,,IB,Trade,ASML,-348.0,862.0,3.3112896,,
387,565,2021-09-07,,IB,Trade,FB,-2821.0,376.0,19.8502486,,
388,566,2021-09-07,,IB,Trade,GOOG,-206.0,2905.0,4.106507,,
389,567,2021-09-07,,IB,Trade,GOOGL,-80.0,2886.0,2.187008,,
390,568,2021-09-07,,IB,Trade,IBUY,-3128.0,117.0,17.8787096,,
391,569,2021-09-07,,IB,Trade,ISRG,-267.0,1070.0,2.823792,,
392,570,2021-09-07,,IB,Trade,LAIX,5000.0,1.01,25.0,,
393,571,2021-09-07,,IB,Trade,LAIX,5000.0,1.01,25.0,,
394,572,2021-09-07,,IB,Trade,MSFT,-1929.0,300.0,12.825921,,
395,573,2021-09-07,,IB,Trade,3690 Sep29'21 240 Put,-5.0,6.6,48.0,,
396,574,2021-09-07,,IB,Trade,AMZN Sep24'21 3270 Put,-2.0,8.5,1.41697,,
397,575,2021-09-07,,IB,Trade,JMIA Sep24'21 20 Put,-10.0,0.88,2.845988,,
398,576,2021-09-07,,IB,Trade,TCOM Dec17'21 41 Call,-10.0,0.75,7.045325,,
399,577,2021-09-07,,IB,Trade,TSLA Sep17'21 680 Put,-2.0,3.8,1.392176,,
400,578,2021-09-08,,IB,Trade,1024.HK,1000.0,101.0,215.527,,
401,579,2021-09-08,,IB,Trade,1024.HK,1000.0,100.5,214.1135,,
402,580,2021-09-08,,IB,Trade,0700.HK,500.0,522.0,555.847,,
403,581,2021-09-08,,IB,Trade,0700.HK,3000.0,521.0,3324.601,,
404,582,2021-09-08,,IB,Trade,0700.HK,500.0,520.0,555.02,,
405,583,2021-09-08,,IB,Trade,0700.HK,500.0,520.0,553.02,,
406,584,2021-09-07,,ms_terry,Income,LU2295180033,,,-5377.5,,
407,585,2021-09-07,,ms_terry,Income,XS2313836541,,,-5000.1,,
408,586,2021-09-08,,老洪,Trade,AAPL,-514.0,156.99,605.61,,
409,587,2021-09-08,,老洪,Trade,AMZN,-20.0,3511.65,527.11,,
410,588,2021-09-08,,老洪,Trade,ARKF,-98.0,54.39,100.03,,
411,589,2021-09-08,,老洪,Trade,ARKG,-119.0,85.47,100.03,,
412,590,2021-09-08,,老洪,Trade,ARKQ,-118.0,85.35,100.04,,
413,591,2021-09-08,,老洪,Trade,FB,-265.0,380.03,755.82,,
414,592,2021-09-08,,老洪,Trade,GOOG,-30.0,2907.87,654.71,,
415,593,2021-09-08,,老洪,Trade,MSFT,-258.0,299.8,580.5,,
416,594,2021-09-08,,IB,Trade,BABA,500.0,172.0,2.5,,
417,595,2021-09-08,,IB,Trade,BABA,500.0,171.0,2.5,,
418,596,2021-09-08,,IB,Trade,KWEB,10000.0,54.2,50.0,,
419,597,2021-09-08,,IB,Trade,KWEB,2000.0,53.8,10.0,,
420,598,2021-09-08,,IB,Trade,NTES,1000.0,92.0,5.0,,
421,599,2021-09-08,,IB,Trade,LAIX,5000.0,0.96,25.0,,
422,600,2021-09-08,,ms_terry,Income,XS2297748753,,,-5137.5,,
423,601,2021-09-08,,ms_terry,Income,XS2354653458,,,-3062.4,,
424,602,2021-09-09,,IB,Trade,3690.HK,2000.0,248.0,1057.192,,
425,603,2021-09-09,,IB,Trade,700 Sep29'21 450 Put,-20.0,4.9,79.6000000000004,,
426,604,2021-09-09,,IB,Trade,700 Sep29'21 450 Put,-20.0,5.0,80.0,,
427,605,2021-09-09,,IB,Trade,700 Sep29'21 480 Put,-50.0,8.5,235.0,,
428,606,2021-09-09,,IB,Income,MSFT,,,-756.17,,
429,607,2021-09-09,,ms_terry,Trade,XS2294208363,-1.0,300000.0,-3750.0,,
430,608,2021-09-09,,ms_terry,Trade,XS2369993436,1.0,300000.0,,,
431,609,2021-09-09,,ms_HQ896,Trade,XS2319880501,1.0,500000.0,,,
432,610,2021-09-09,,ms_terry,Income,XS2313823994,,,-10870.2,,
433,611,2021-09-09,,老洪,Income,MSFT,,,-202.27,,
434,612,2021-09-13,,IB,Trade,0410.HK,-60000.0,2.24,286.15,,
435,613,2021-09-13,,AJ,Income,1565.HK,,,-25515.55,,
436,614,2021-09-13,,ms_terry,Income,SMSN,,,-821.65,,
437,615,2021-09-15,,ms_terry,Income,SMSN,,,-793.76,,
438,616,2021-09-16,,ms_terry,Income,XS2218385057,,,-3275.1,,
439,617,2021-09-17,,IB,Trade,ARKQ Sep17'21 70 Put,25.0,,,,
440,618,2021-09-17,,IB,Trade,MSFT Sep17'21 225 Put,5.0,,,,
441,619,2021-09-17,,IB,Trade,SHOP Sep17'21 980 Put,1.0,,,,
442,620,2021-09-17,,IB,Trade,TSLA Sep17'21 550 Put,3.0,,,,
443,621,2021-09-17,,IB,Trade,TSLA Sep17'21 680 Put,2.0,,,,
444,622,2021-09-17,,IB,Expense,TCOM,,,58.0,,
445,623,2021-09-17,,IB,Expense,GOTU,,,198.64,,
446,624,2021-09-17,,ms_terry,Income,LU0898699433,,,-553.06,,
447,625,2021-09-20,,IB,Trade,NVDA,-1333.0,209.0,8.24,,
448,626,2021-09-21,,ms_terry,Income,XS2218322217,,,-2906.8,,
449,627,2021-09-22,,ms_terry,Income,XS2359586190,,,-4040.01,,
450,628,2021-09-23,,老洪,Income,XS2218393317,,,-2481.25,,
451,629,2021-09-23,,IB,Income,NVDA,,,-37.32,,
452,630,2021-09-27,,IB,Trade,AMZN Sep24'21 3270 Put,2.0,,,,
453,631,2021-09-27,,IB,Trade,JMIA Sep24'21 20 Put,10.0,,,,
454,632,2021-09-27,,IB,Trade,JMIA,1000.0,20.0,,,
455,633,2021-09-27,,ms_terry,Trade,0700.HK,225.0,391.7109,136.0,,
456,634,2021-09-29,,IB,Trade,3690 Sep29'21 200 Put,14.0,,,,
457,635,2021-09-29,,IB,Trade,3690 Sep29'21 240 Call,15.0,,,,
458,636,2021-09-29,,IB,Trade,3690 Sep29'21 240 Put,5.0,,,,
459,637,2021-09-29,,IB,Trade,3690 Sep29'21 245 Put,15.0,,,,
460,638,2021-09-29,,IB,Trade,700 Sep29'21 400 Put,-99.0,,,,
461,639,2021-09-29,,IB,Trade,700 Sep29'21 450 Put,40.0,,,,
462,640,2021-09-29,,IB,Trade,700 Sep29'21 470 Put,50.0,,,,
463,641,2021-09-29,,IB,Trade,700 Sep29'21 480 Put,50.0,,,,
464,642,2021-09-29,,IB,Trade,700 Sep29'21 490 Call,50.0,,,,
465,643,2021-09-29,,IB,Trade,700 Sep29'21 490 Put,50.0,,,,
466,644,2021-09-29,,IB,Trade,9618 Sep29'21 235 Put,9.0,,,,
467,645,2021-09-29,,IB,Trade,9618 Sep29'21 250 Put,10.0,,,,
468,646,2021-09-29,,IB,Trade,9618 Sep29'21 260 Put,12.0,,,,
469,647,2021-09-29,,IB,Trade,3690.HK,-7500.0,240.0,3955.1,,
470,648,2021-09-29,,IB,Trade,0700.HK,5000.0,490.0,5383.15,,
471,649,2021-09-29,,IB,Trade,0700.HK,5000.0,480.0,5273.3,,
472,650,2021-09-29,,IB,Trade,0700.HK,5000.0,470.0,5163.45,,
473,651,2021-09-29,,ms_terry,Trade,XS2295806553,-1.0,300000.0,-2490.0,,
474,652,2021-09-29,,ms_terry,Trade,XS2279291384,-1.0,300000.0,-5189.01,,
475,653,2021-09-29,,ms_terry,Trade,BABA,1572.0,190.84,-0.48,,
476,654,2021-09-29,,ms_terry,Income,XS2298837985,,,-10892.4,,
477,655,2021-09-30,,IB,Trade,3690.HK,1000.0,246.0,523.44,,
478,656,2021-09-30,,IB,Trade,3690.HK,500.0,246.6,265.97,,
479,657,2021-09-30,,IB,Trade,3690.HK,500.0,246.0,261.72,,
480,658,2021-09-30,,IB,Trade,3690.HK,100.0,246.0,52.34,,
481,663,2021-09-30,,IB,Trade,3690.HK,1000.0,246.6,525.94,,
482,664,2021-09-30,,IB,Trade,3690.HK,1000.0,246.2,524.61,,
483,665,2021-09-30,,IB,Trade,3690.HK,1500.0,245.6,784.67,,
484,666,2021-09-30,,IB,Income,NTES,,,-237.5,,
485,667,2021-10-04,,IB,Trade,SCO,1500.0,14.2,7.5,,
486,668,2021-10-05,,AJ,Income,1177.HK,,,-6069.5,,
487,669,2021-10-06,,ms_terry,Income,LU2295180033,,,-5377.5,,
488,670,2021-10-06,,ms_terry,Income,XS2313836541,,,-5000.1,,
489,671,2021-10-07,,ms_terry,Income,LU0539801802,,,-485.35,,
490,672,2021-10-07,,ms_terry,Income,XS2297748753,,,-5137.5,,
491,673,2021-10-07,,ms_terry,Income,XS2313823994,,,-10870.2,,
492,674,2021-10-08,,IB,Trade,3690 Oct28'21 235 Put,-100.0,6.0,900.0,,
493,675,2021-10-08,,IB,Trade,SCO,3000.0,13.49,15.0,,
494,676,2021-10-08,,IB,Trade,KWEB,,,-60.0,,
495,677,2021-10-08,,ms_terry,Income,XS2354653458,,,-3062.4,,
496,678,2021-10-08,,老洪,Expense,GOTU,,,32.0,,
497,679,2021-10-11,,IB,Trade,BABA 29OCT21 155.0 P,-10.0,3.5,6.86135,,
498,680,2021-10-11,,IB,Trade,BABA 29OCT21 155.0 P,-10.0,3.55,6.861605,,
499,681,2021-10-11,,ms_terry,Trade,0700.HK,225.0,391.7109,146.0,,
500,682,2021-10-14,,IB,Trade,SCO,3000.0,13.01,15.0,,
501,683,2021-10-14,,IB,Trade,FB 29OCT21 300.0 P,-50.0,2.55,34.282525,,
502,684,2021-10-14,,IB,Expense,TCOM,,,-58.0,,
503,685,2021-10-15,,IB,Trade,ARKF Oct15'21 40 Put,24.0,,,,
504,686,2021-10-15,,IB,Trade,BIDU Oct15'21 155 Put,30.0,,,,
505,687,2021-10-15,,IB,Trade,QQQ Oct15'21 312 Put,70.0,,,,
506,688,2021-10-15,,IB,Trade,SPCE Oct15'21 20 Put,50.0,,,,
507,689,2021-10-15,,IB,Trade,SPCE Oct15'21 30 Put,40.0,,,,
508,690,2021-10-15,,IB,Trade,TME Oct15'21 16 Call,-120.0,,,,
509,691,2021-10-15,,IB,Trade,SPCE,4000.0,30.0,,,
510,692,2021-10-19,,IB,Trade,0700.HK,-1000.0,499.0,1061.673,,
511,693,2021-10-19,,IB,Trade,0700.HK,-1000.0,499.2,1062.8384,,
512,694,2021-10-19,,IB,Trade,0700.HK,-1000.0,499.4,1063.0038,,
513,695,2021-10-19,,IB,Trade,0700.HK,-1000.0,499.6,1063.1692,,
514,696,2021-10-19,,IB,Trade,TME,1000.0,7.88,5.0,,
515,697,2021-10-19,,ms_terry,Income,XS2218385057,,,-3275.1,,
516,698,2021-10-19,,ms_terry,Income,XS2369993436,,,-3750.0,,
517,699,2021-10-20,,ms_terry,Trade,0700.HK,125.0,391.7109,83.0,,
518,700,2021-10-20,,IB,Trade,700 29NOV21 480.0 P,-50.0,12.26,272.6,,
519,701,2021-10-20,,IB,Trade,700 29NOV21 480.0 P,-100.0,12.4,548.0,,
520,702,2021-10-20,,IB,Trade,BABA 19NOV21 165.0 P,-50.0,4.0,34.8195,,
521,703,2021-10-20,,IB,Trade,SPCE 19NOV21 29.0 C,-10.0,0.16,11.244316,,
522,704,2021-10-20,,IB,Trade,SPCE 19NOV21 15.0 P,-10.0,0.17,6.844367,,
523,705,2021-10-20,,IB,Expense,DAO,,,530.02,,
524,706,2021-10-20,,IB,Expense,JMIA,,,274.41,,
525,707,2021-10-20,,ms_terry,Income,XS2218322217,,,-2906.8,,
526,708,2021-10-21,,老洪,Income,XS2218393317,,,-2481.25,,
527,709,2021-10-21,,IB,Trade,BABA,1460.0,178.76,7.3,,
528,710,2021-10-21,,IB,Trade,JD,-1000.0,84.6,5.55046,,
529,711,2021-10-21,,IB,Trade,JD,-1000.0,84.7,5.55097,,
530,712,2021-10-21,,IB,Trade,JD,-1000.0,84.8,5.55148,,
531,713,2021-10-21,,IB,Trade,NTES,-1000.0,101.54,5.636854,,
532,714,2021-10-21,,IB,Trade,TME,3000.0,8.5897,15.0,,
533,715,2021-10-21,,IB,Trade,TME,3000.0,8.58,15.0,,
534,716,2021-10-21,,IB,Trade,TME,3000.0,8.59,15.0,,
535,717,2021-10-21,,IB,Trade,TME,3000.0,8.58,15.0,,
536,718,2021-10-21,,IB,Trade,TME,3000.0,8.57,15.0,,
537,719,2021-10-21,,IB,Trade,TME,12000.0,8.50905,60.0,,
538,720,2021-10-21,,IB,Trade,TME,12000.0,8.5,60.0,,
539,721,2021-10-21,,IB,Trade,TWTR,-500.0,65.2,2.72576,,
540,722,2021-10-21,,IB,Trade,TWTR,-500.0,65.22,2.725811,,
541,723,2021-10-21,,IB,Trade,TWTR,-500.0,65.23,2.7258365,,
542,724,2021-10-21,,IB,Trade,TWTR,-500.0,65.22,2.725811,,
543,725,2021-10-21,,IB,Trade,UBER,-4403.0,46.94,23.593008782,,
544,726,2021-10-21,,IB,Trade,DIDI 19NOV21 7.5 P,-100.0,0.18,80.12418,,
545,727,2021-10-21,,IB,Trade,JD 19NOV21 70.0 P,-30.0,0.43,20.577079,,
546,728,2021-10-21,,IB,Trade,QQQ 19NOV21 350.0 P,-10.0,1.6,10.65166,,
547,729,2021-10-21,,IB,Trade,JD,-290.0,84.3,1.6091897,,
548,730,2021-10-20,,ms_terry,Income,LU0898699433,,,-553.06,,
549,731,2021-10-22,,IB,Trade,WE,1000.0,14.5,5.0,,
550,732,2021-10-22,,IB,Trade,FB 19NOV21 285.0 P,-40.0,2.37,30.812348,,
551,733,2021-10-22,,IB,Trade,FB 19NOV21 295.0 P,-20.0,3.97,13.927494,,
552,734,2021-10-22,,ms_terry,Trade,XS2359586190,-1.0,300000.0,-4037.904,,
553,735,2021-10-22,,ms_terry,Trade,TME,27444.0,10.931,,,
554,736,2021-10-21,,ms_terry,Income,XS1580431143,,,-8250.0,,
555,737,2021-10-25,,IB,Trade,2202.HK,5000.0,21.3,227.0755,,
556,738,2021-10-25,,IB,Trade,FB 29OCT21 300.0 P,10.0,2.1,11.7735,,
557,739,2021-10-25,,IB,Trade,FB 29OCT21 300.0 P,10.0,2.06,3.9235,,
558,740,2021-10-25,,IB,Trade,FB 29OCT21 300.0 P,20.0,2.07,13.927,,
559,741,2021-10-25,,IB,Trade,FB 29OCT21 300.0 P,10.0,2.04,3.9235,,
560,742,2021-10-25,,IB,Trade,FB 19NOV21 295.0 P,10.0,3.65,6.8235,,
561,743,2021-10-25,,IB,Trade,FB 19NOV21 295.0 P,10.0,3.3,6.8235,,
562,744,2021-10-27,,IB,Trade,2202.HK,5000.0,20.0,212.7,,
563,745,2021-10-28,,IB,Trade,2202.HK,5000.0,19.24,206.5574,,
564,746,2021-10-28,,IB,Trade,1810.HK,250000.0,23.0,12618.25,,
565,747,2021-10-28,,IB,Trade,9988.HK,55000.0,175.0,21054.625,,
566,748,2021-10-28,,IB,Trade,1810 Oct28'21 23 Put,250.0,,,,
567,749,2021-10-28,,IB,Trade,3690 Oct28'21 235 Put,150.0,,,,
568,750,2021-10-28,,IB,Trade,700 Oct28'21 470 Put,300.0,,,,
569,751,2021-10-28,,IB,Trade,9988 Oct28'21 175 Put,110.0,,,,
570,752,2021-10-28,,IB,Trade,BABA 19NOV21 195.0 C,-10.0,1.02,4.748702,,
571,753,2021-10-28,,ms_terry,Income,XS2298837985,,,-10892.4,,
572,754,2021-10-29,,IB,Trade,COIN,30.0,321.78,1.0,,
573,755,2021-11-01,,IB,Trade,BABA 29OCT21 155.0 P,20.0,,,,
574,756,2021-11-01,,IB,Trade,700 29NOV21 420.0 P,-10.0,3.06,48.0,,
575,757,2021-10-29,,摩根,Trade,XS2402521475,1.0,1000000.0,,,
576,758,2021-11-02,,IB,Trade,700 29NOV21 430.0 P,-30.0,3.25,109.5,,
577,759,2021-11-02,,IB,Trade,700 29NOV21 420.0 P,-30.0,3.64,111.84,,
578,760,2021-11-02,,IB,Trade,FB 19NOV21 300.0 P,-10.0,1.65,6.541915,,
579,761,2021-11-04,,IB,Trade,ARKK,-6000.0,125.0,34.539,,
580,762,2021-11-04,,ms_terry,Trade,XS2313836541,-1.0,300000.0,-5000.1,,
581,763,2021-11-04,,ms_terry,Trade,LU2295180033,-1.0,300000.0,-5502.12,,
582,764,2021-11-04,,ms_terry,Trade,9988.HK,13476.0,173.16,3034.0,,
583,765,2021-11-05,,摩根,Trade,9988.HK,710.0,143.5306,148.004,,
584,766,2021-11-04,,ms_terry,Income,LU0539801802,,,-485.35,,
585,767,2021-11-08,,IB,Trade,COIN,50.0,349.86,1.0,,
586,768,2021-11-08,,IB,Trade,FB,200.0,341.0,1.0,,
587,769,2021-11-08,,IB,Trade,TSLA,-100.0,1149.22,1.5980022,,
588,770,2021-11-09,,ms_terry,Trade,XS2313823994,-1.0,300000.0,-10887.48,,
589,771,2021-11-09,,ms_terry,Trade,TME,34560.0,8.68,19.2000000000116,,
590,773,2021-11-09,,ms_terry,Trade,XS2297748753,-1.0,300000.0,-5137.5,,
591,774,2021-11-11,,IB,Trade,700 29NOV21 450.0 P,-10.0,5.98,48.0,,
592,775,2021-11-11,,IB,Trade,700 29NOV21 450.0 P,-10.0,5.94,48.0,,
593,776,2021-11-10,,ms_terry,Income,XS2354653458,,,-3062.4,,
594,777,2021-11-11,,IB,Expense,TME,,,456.54,,
595,778,2021-11-12,,老洪,Income,AAPL,,,-79.0,,
596,779,2021-11-15,,IB,Trade,9988 29NOV21 180.0 C,-50.0,1.05,202.5,,
597,780,2021-11-15,,IB,Trade,700 29NOV21 560.0 C,-50.0,0.97,168.0,,
598,783,2021-11-15,,老洪,Expense,DAO,,,34.04,,
599,784,2021-11-16,,IB,Trade,BITO,1000.0,39.18,5.0,,
600,785,2021-11-16,,IB,Trade,BITO,1000.0,39.2,5.0,,
601,786,2021-11-16,,IB,Trade,GLD,200.0,174.0,1.0,,
602,787,2021-11-16,,IB,Trade,FB 03DEC21 330.0 P,-30.0,3.94,11.260782,,
603,788,2021-11-17,,IB,Trade,1918.HK,5000.0,14.58,155.2883,,
604,789,2021-11-17,,IB,Trade,1918.HK,10000.0,14.56,310.4112,,
605,790,2021-11-18,,IB,Trade,700 29NOV21 440.0 P,-50.0,0.43,168.0,,
606,791,2021-11-17,,ms_terry,Income,XS2218385057,,,-3275.1,,
607,792,2021-11-17,,ms_terry,Income,XS2369993436,,,-3750.0,,
608,793,2021-11-18,,IB,Trade,1918.HK,10000.0,14.1,302.607,,
609,794,2021-11-19,,IB,Trade,9988 29NOV21 135.0 P,-20.0,2.23,104.6,,
610,795,2021-11-19,,IB,Trade,9618 30DEC21 300.0 P,-10.0,4.9,79.0,,
611,796,2021-11-18,,ms_terry,Income,LU0898699433,,,-580.04,,
612,797,2021-11-18,,ms_terry,Trade,TME,-2850.0,12.4291,,,
613,798,2021-11-19,,IB,Trade,BABA 19NOV21 165.0 P,50.0,,,,
614,799,2021-11-19,,IB,Trade,BABA 19NOV21 195.0 C,10.0,,,,
615,800,2021-11-19,,IB,Trade,DIDI 19NOV21 7.5 P,100.0,,,,
616,801,2021-11-19,,IB,Trade,FB 19NOV21 285.0 P,40.0,,,,
617,802,2021-11-19,,IB,Trade,FB 19NOV21 300.0 P,10.0,,,,
618,803,2021-11-19,,IB,Trade,JD 19NOV21 70.0 P,30.0,,,,
619,804,2021-11-19,,IB,Trade,KWEB Nov19'21 45 Put,400.0,,,,
620,805,2021-11-19,,IB,Trade,QQQ 19NOV21 350.0 P,10.0,,,,
621,806,2021-11-19,,IB,Trade,SPCE 19NOV21 15.0 P,10.0,,,,
622,807,2021-11-19,,IB,Trade,SPCE 19NOV21 29.0 C,10.0,,,,
623,808,2021-11-19,,IB,Trade,SPY 06DEC21 440.0 P,-10.0,0.71,6.637121,,
624,809,2021-11-19,,IB,Trade,BABA,5000.0,165.0,,,
625,810,2021-11-19,,IB,Trade,BITO,1000.0,37.1,5.0,,
626,811,2021-11-19,,IB,Trade,GLD,200.0,172.7,1.0,,
627,812,2021-11-19,,摩根,Trade,9988.HK,781.0,143.5306,146.0,,
628,813,2021-11-19,,ms_terry,Income,XS2218322217,,,-2906.8,,
629,814,2021-11-22,,IB,Trade,BITO,1000.0,37.34,5.0,,
630,815,2021-11-22,,IB,Trade,EWJ,300.0,69.97,1.5,,
631,816,2021-11-22,,IB,Trade,GLD,100.0,170.12,1.0,,
632,817,2021-11-22,,IB,Trade,GLD,100.0,170.0586,1.0,,
633,818,2021-11-22,,IB,Trade,FB 17DEC21 330.0 P,-10.0,4.4,6.65594,,
634,819,2021-11-22,,IB,Trade,SPY 17DEC21 440.0 P,-10.0,1.63,6.641813,,
635,820,2021-11-22,,ms_terry,Expense,TME,,,206.13,,
636,821,2021-11-23,,老洪,Income,XS2218393317,,,-2481.25,,
637,822,2021-11-26,,IB,Trade,MRNA,100.0,336.77,1.0,,
638,823,2021-11-26,,IB,Trade,MRNA,100.0,328.0,1.0,,
639,824,2021-11-26,,IB,Trade,MRNA,-100.0,342.0,1.18632,,
640,825,2021-11-26,,IB,Trade,700 30DEC21 440.0 P,-30.0,11.0,156.0,,
641,826,2021-11-26,,IB,Trade,700 30DEC21 440.0 P,-30.0,11.0,156.0,,
642,827,2021-11-29,,IB,Trade,700 29NOV21 420.0 P,40.0,,,,
643,828,2021-11-29,,IB,Trade,700 29NOV21 430.0 P,30.0,,,,
644,829,2021-11-29,,IB,Trade,700 29NOV21 440.0 P,50.0,,,,
645,830,2021-11-29,,IB,Trade,700 29NOV21 450.0 P,20.0,,,,
646,831,2021-11-29,,IB,Trade,700 29NOV21 480.0 P,150.0,,,,
647,832,2021-11-29,,IB,Trade,700 29NOV21 560.0 C,50.0,,,,
648,833,2021-11-29,,IB,Trade,9988 29NOV21 135.0 P,20.0,,,,
649,834,2021-11-29,,IB,Trade,9988 29NOV21 180.0 C,50.0,,,,
650,835,2021-11-29,,IB,Trade,0700.HK,15000.0,480.0,15774.9000000004,,
651,836,2021-11-29,,IB,Trade,9988.HK,10000.0,135.0,2966.44999999995,,
652,837,2021-11-30,,ms_terry,Trade,XS2298837985,-1.0,300000.0,-10885.224,,
653,838,2021-11-30,,ms_terry,Trade,CVAC,5763.0,52.048,,,
654,839,2021-12-03,,摩根,Trade,9988.HK,1420.0,143.5306,265.0,,
655,840,2021-12-06,,IB,Trade,FB 03DEC21 330.0 P,30.0,,,,
656,841,2021-12-06,,IB,Trade,FB,3000.0,330.0,,,
657,842,2021-12-06,,IB,Trade,2822.HK,2000.0,18.3,30.2682,,
658,843,2021-12-06,,IB,Trade,2822.HK,2000.0,18.16,30.03664,,
659,844,2021-12-06,,IB,Trade,FEX,3000.0,0.22,6.0,,
660,845,2021-12-07,,IB,Trade,SPY 06DEC21 440.0 P,10.0,,,,
661,846,2021-12-07,,ms_terry,Income,LU0539801802,,,-485.35,,
662,847,2021-12-08,,摩根,Income,XS2402521475,,,-4166.67,,
663,848,2021-12-08,,ms_terry,Income,XS2354653458,,,-3062.4,,
664,849,2021-12-09,,老洪,Income,MSFT,,,-111.97,,
665,850,2021-12-09,,摩根,Trade,XS2402521475,-1.0,1000000.0,-198.400000000023,,
666,851,2021-12-09,,摩根,Trade,XS2402837434,1.0,1000000.0,,,
667,852,2021-12-14,,IB,Transfer,ARKK,-391.0,,,,
668,853,2021-12-14,,摩根,Transfer,ARKK,391.0,,,,
669,854,2021-12-14,,IB,Transfer,BABA,-8338.0,,,,
670,855,2021-12-14,,摩根,Transfer,BABA,8338.0,,,,
671,856,2021-12-14,,IB,Transfer,BGNE,-689.0,,,,
672,857,2021-12-14,,摩根,Transfer,BGNE,689.0,,,,
673,858,2021-12-14,,IB,Transfer,BIDU,-1896.0,,,,
674,859,2021-12-14,,摩根,Transfer,BIDU,1896.0,,,,
675,860,2021-12-14,,IB,Transfer,BITO,-4000.0,,,,
676,861,2021-12-14,,摩根,Transfer,BITO,4000.0,,,,
677,862,2021-12-14,,IB,Transfer,COIN,-80.0,,,,
678,863,2021-12-14,,摩根,Transfer,COIN,80.0,,,,
679,864,2021-12-14,,IB,Transfer,DAO,-26501.0,,,,
680,865,2021-12-14,,摩根,Transfer,DAO,26501.0,,,,
681,866,2021-12-14,,IB,Transfer,DRIV,-10000.0,,,,
682,867,2021-12-14,,摩根,Transfer,DRIV,10000.0,,,,
683,868,2021-12-14,,IB,Transfer,EWJ,-300.0,,,,
684,869,2021-12-14,,摩根,Transfer,EWJ,300.0,,,,
685,870,2021-12-14,,IB,Transfer,FB,-3200.0,,,,
686,871,2021-12-14,,摩根,Transfer,FB,3200.0,,,,
687,872,2021-12-14,,IB,Transfer,GLD,-600.0,,,,
688,873,2021-12-14,,摩根,Transfer,GLD,600.0,,,,
689,874,2021-12-14,,IB,Transfer,GOTU,-10320.0,,,,
690,875,2021-12-14,,摩根,Transfer,GOTU,10320.0,,,,
691,876,2021-12-14,,IB,Transfer,IH,-11750.0,,,,
692,877,2021-12-14,,摩根,Transfer,IH,11750.0,,,,
693,878,2021-12-14,,IB,Transfer,JMIA,-10147.0,,,,
694,879,2021-12-14,,摩根,Transfer,JMIA,10147.0,,,,
695,880,2021-12-14,,IB,Transfer,KWEB,-12000.0,,,,
696,881,2021-12-14,,摩根,Transfer,KWEB,12000.0,,,,
697,882,2021-12-14,,IB,Transfer,LAIX,-64324.0,,,,
698,883,2021-12-14,,摩根,Transfer,LAIX,64324.0,,,,
699,884,2021-12-14,,IB,Transfer,MRNA,-100.0,,,,
700,885,2021-12-14,,摩根,Transfer,MRNA,100.0,,,,
701,886,2021-12-14,,IB,Transfer,PDD,-2115.0,,,,
702,887,2021-12-14,,摩根,Transfer,PDD,2115.0,,,,
703,888,2021-12-14,,IB,Transfer,SCO,-7500.0,,,,
704,889,2021-12-14,,摩根,Transfer,SCO,7500.0,,,,
705,890,2021-12-14,,IB,Transfer,SPCE,-10145.0,,,,
706,891,2021-12-14,,摩根,Transfer,SPCE,10145.0,,,,
707,892,2021-12-14,,IB,Transfer,TCOM,-2900.0,,,,
708,893,2021-12-14,,摩根,Transfer,TCOM,2900.0,,,,
709,894,2021-12-14,,IB,Transfer,TME,-62827.0,,,,
710,895,2021-12-14,,摩根,Transfer,TME,62827.0,,,,
711,896,2021-12-14,,IB,Transfer,WE,-1000.0,,,,
712,897,2021-12-14,,摩根,Transfer,WE,1000.0,,,,
713,898,2021-12-14,,IB,Transfer,WISH,-8148.0,,,,
714,899,2021-12-14,,摩根,Transfer,WISH,8148.0,,,,
715,900,2021-12-16,,IB,Trade,9618.HK,1000.0,290.4,618.1608,,
716,901,2021-12-21,,IB,Transfer,FEX,-3000.0,,,,
717,902,2021-12-21,,摩根,Transfer,FEX,3000.0,,,,
718,903,2021-12-16,,ms_terry,Trade,XS2420234044,1.0,1000000.0,,,
719,904,2021-12-16,,ms_terry,Income,XS2218385057,,,-3275.1,,
720,905,2021-12-17,,AJ,Transfer,1177.HK,-305000.0,,,,
721,906,2021-12-17,,摩根,Transfer,1177.HK,305000.0,,,,
722,907,2021-12-17,,AJ,Transfer,1358.HK,-100000.0,,,,
723,908,2021-12-17,,摩根,Transfer,1358.HK,100000.0,,,,
724,909,2021-12-17,,AJ,Transfer,1565.HK,-1091600.0,,,,
725,910,2021-12-17,,摩根,Transfer,1565.HK,1091600.0,,,,
726,911,2021-12-17,,AJ,Transfer,1801.HK,-17500.0,,,,
727,912,2021-12-17,,摩根,Transfer,1801.HK,17500.0,,,,
728,913,2021-12-17,,AJ,Transfer,1810.HK,-118800.0,,,,
729,914,2021-12-17,,摩根,Transfer,1810.HK,118800.0,,,,
730,915,2021-12-17,,AJ,Transfer,1877.HK,-19600.0,,,,
731,916,2021-12-17,,摩根,Transfer,1877.HK,19600.0,,,,
732,917,2021-12-17,,AJ,Transfer,2269.HK,-15400.0,,,,
733,918,2021-12-17,,摩根,Transfer,2269.HK,15400.0,,,,
734,919,2021-12-17,,AJ,Transfer,3690.HK,-15152.0,,,,
735,920,2021-12-17,,摩根,Transfer,3690.HK,15152.0,,,,
736,921,2021-12-17,,AJ,Transfer,3759.HK,-7400.0,,,,
737,922,2021-12-17,,摩根,Transfer,3759.HK,7400.0,,,,
738,923,2021-12-17,,AJ,Transfer,6160.HK,-6700.0,,,,
739,924,2021-12-17,,摩根,Transfer,6160.HK,6700.0,,,,
740,925,2021-12-17,,AJ,Transfer,9618.HK,-3400.0,,,,
741,926,2021-12-17,,摩根,Transfer,9618.HK,3400.0,,,,
742,927,2021-12-17,,AJ,Transfer,9926.HK,-29000.0,,,,
743,928,2021-12-17,,摩根,Transfer,9926.HK,29000.0,,,,
744,929,2021-12-17,,AJ,Transfer,9988.HK,-23585.0,,,,
745,930,2021-12-17,,摩根,Transfer,9988.HK,23585.0,,,,
746,931,2021-12-17,,摩根,Trade,9988.HK,1420.0,143.5306,265.0,,
747,932,2021-12-17,,IB,Trade,FB 17DEC21 330.0 P,10.0,,,,
748,933,2021-12-17,,IB,Trade,SPY 17DEC21 440.0 P,10.0,,,,
749,934,2021-12-17,,IB,Trade,TCOM Dec17'21 41 Call,10.0,,,,
750,935,2021-12-17,,IB,Expense,BIDU,,,37.92,,
751,936,2021-12-20,,AJ,Income,1565.HK,,,-20636.7,,
752,937,2021-12-17,,摩根,Income,EWJ,,,-186.51,,
753,938,2021-12-17,,ms_terry,Income,EWZ,,,-17272.16,,
754,939,2021-12-17,,ms_terry,Trade,XS2369993436,-1.0,300000.0,-3750.0,,
755,940,2021-12-20,,摩根,Expense,BIDU,,,3.31,,
756,941,2021-12-20,,ms_terry,Income,LU0898699433,,,-593.52,,
757,942,2021-12-21,,IB,Transfer,1024.HK,-2000.0,,,,
758,943,2021-12-21,,摩根,Transfer,1024.HK,2000.0,,,,
759,944,2021-12-21,,IB,Transfer,1810.HK,-250000.0,,,,
760,945,2021-12-21,,摩根,Transfer,1810.HK,250000.0,,,,
761,946,2021-12-21,,IB,Transfer,1918.HK,-25000.0,,,,
762,947,2021-12-21,,摩根,Transfer,1918.HK,25000.0,,,,
763,948,2021-12-21,,IB,Transfer,2202.HK,-15000.0,,,,
764,949,2021-12-21,,摩根,Transfer,2202.HK,15000.0,,,,
765,950,2021-12-21,,IB,Transfer,2822.HK,-4000.0,,,,
766,951,2021-12-21,,摩根,Transfer,2822.HK,4000.0,,,,
767,952,2021-12-21,,IB,Transfer,3690.HK,-100.0,,,,
768,953,2021-12-21,,摩根,Transfer,3690.HK,100.0,,,,
769,954,2021-12-21,,IB,Transfer,0700.HK,-57584.0,,,,
770,955,2021-12-21,,摩根,Transfer,0700.HK,57584.0,,,,
771,956,2021-12-21,,IB,Transfer,9988.HK,-65000.0,,,,
772,957,2021-12-21,,摩根,Transfer,9988.HK,65000.0,,,,
773,958,2021-12-20,,IB,Transfer,EDU,-25880.0,,,,
774,959,2021-12-20,,摩根,Transfer,EDU,25880.0,,,,
775,960,2021-12-22,,老洪,Income,XS2218393317,,,-2481.25,,
776,961,2021-12-21,,ms_terry,Income,XS2218322217,,,-2906.8,,
777,962,2021-12-22,,IB,Trade,0700.HK,2000.0,442.0,1881.068,,
778,963,2021-12-22,,IB,Trade,0700.HK,1000.0,444.0,945.188,,
779,964,2021-12-22,,IB,Trade,0700.HK,1000.0,443.8,945.0226,,
780,965,2021-12-22,,IB,Trade,0700.HK,1000.0,443.6,946.8572,,
781,966,2021-12-22,,IB,Trade,0700.HK,1000.0,443.8,944.0226,,
782,967,2021-12-22,,IB,Trade,9618.HK,2000.0,277.8,1186.4812,,
783,968,2021-12-22,,IB,Trade,9618.HK,1000.0,277.8,593.7406,,
784,969,2021-12-22,,IB,Trade,9618.HK,1000.0,278.0,591.906,,
785,970,2021-12-22,,IB,Trade,9618 30DEC21 300.0 P,5.0,23.6,133.0,,
786,971,2021-12-22,,IB,Trade,9618 30DEC21 300.0 P,5.0,23.8,134.0,,
787,972,2021-12-22,,IB,Trade,700 30DEC21 440.0 P,60.0,6.96,263.52,,
